ID,Title,First Name,Last Name,Country,Email,Phone,countrycode,registrationtype,pricetype,orderid,barcode
1,Mr,John,Smith,US,john.smith@email.com,1234567890,AE,,,,
2,Dr,Alice,James,GB,alice.jones@email.com,9776543210,AE,,,,
3,Ms,Michael,Williams,CA,michael.williams@email.com,5678901234,AE,,,,
4,Mr,Susan,Davis,AE,susan.davis@email.com,3456789012,AE,,,,
5,Mrs,Robert,Downey,IN,robert.johnson@email.com,7890123256,AE,,,,
6,Dr,Linda,Brown,SA,linda.brown@email.com,2345678901,AE,,,,
7,Mr,Emily,Miller,FR,emily.miller@email.com,8901234567,AE,,,,
8,Miss,David,Anderson,US,david.anderson@email.com,4567890123,AE,,,,
9,Dr,Emma,Wilson,GB,emma.wilson@email.com,6789012345,AE,,,,
10,Mrs,James,Moore,CA,james.moore@email.com,1237890456,AE,,,,
11,Mr,Olivia,Taylor,AE,olivia.taylor@email.com,4561237890,AE,,,,
12,Miss,Michael,White,IN,michael.white@email.com,7890123456,AE,,,,
13,Ms,John,Martin,SA,john.martin@email.com,2345678901,AE,,,,
14,Dr,Amy,Lewis,FR,amy.lewis@email.com,8901234567,AE,,,,
15,Mrs,Christopher,Hall,US,christopher.hall@email.com,5678901234,AE,,,,
16,Mr,Emma,Young,GB,emma.young@email.com,9012345678,AE,,,,
17,Dr,Brian,Scott,CA,brian.scott@email.com,3456789012,AE,,,,
18,Miss,Kevin,Clark,AE,kevin.clark@email.com,6789012345,AE,,,,
19,Mrs,Samuel,Thomas,IN,samuel.thomas@email.com,8901234567,AE,,,,
20,Mr,Isabella,Hill,SA,isabella.hill@email.com,2345678901,AE,,,,
21,Ms,Matthew,Allen,FR,matthew.allen@email.com,4567890123,AE,,,,
22,Dr,Lily,Ward,US,lily.ward@email.com,7890123456,AE,,,,
23,Mr,Daniel,Cook,GB,daniel.cook@email.com,2345678901,AE,,,,
24,Miss,Joseph,Green,CA,joseph.green@email.com,5678901234,AE,,,,
25,Mrs,Andrew,Baker,AE,andrew.baker@email.com,8901234567,AE,,,,
26,Dr,Sophia,Wright,IN,sophia.wright@email.com,3456789012,AE,,,,
27,Mr,Grace,Ross,SA,grace.ross@email.com,9012345678,AE,,,,
28,Miss,Jonathan,Watson,FR,jonathan.watson@email.com,4567890123,AE,,,,
29,Ms,Michael,Campbell,US,michael.campbell@email.com,7890123456,AE,,,,
30,Dr,Lily,Carter,GB,lily.carter@email.com,2345678901,AE,,,,
31,Mr,Ava,Hughes,CA,ava.hughes@email.com,5678901234,AE,,,,
32,Miss,Jack,Morris,AE,jack.morris@email.com,8901234567,AE,,,,
33,Mrs,Emma,Rogers,IN,emma.rogers@email.com,2345678901,AE,,,,
34,Dr,John,Harrison,SA,john.harrison@email.com,7890123456,AE,,,,
35,Mr,Sarah,Dixon,FR,sarah.dixon@email.com,4567890123,AE,,,,
36,Miss,Michael,Richardson,US,michael.richardson@email.com,9012345678,AE,,,,
37,Ms,Davidson,Murphy,GB,davidson.murphy@email.com,3456789012,AE,,,,
38,Dr,Linda,Collins,CA,linda.collins@email.com,5678901234,AE,,,,
39,Mrs,Robert,Fisher,AE,robert.fisher@email.com,8901234567,AE,,,,
40,Mr,Emily,Barnes,IN,emily.barnes@email.com,2345678901,AE,,,,
41,Dr,Lily,Hill,SA,lily.hill@email.com,5678901234,AE,,,,
42,Miss,Michael,Henderson,FR,michael.henderson@email.com,8901234567,AE,,,,
43,Ms,Johnston,Stewart,US,johnston.stewart@email.com,2345678901,AE,,,,
44,Mr,Alice,Cooper,GB,alice.cooper@email.com,4567890123,AE,,,,
45,Mrs,Michael,Evans,CA,michael.evans@email.com,9012345678,AE,,,,
46,Dr,Susan,Perez,AE,susan.perez@email.com,3456789012,AE,,,,
47,Miss,David,Turner,IN,david.turner@email.com,5678901234,AE,,,,
48,Mr,Amy,Ward,SA,amy.ward@email.com,8901234567,AE,,,,
49,Ms,Christopher,Bell,FR,christopher.bell@email.com,2345678901,AE,,,,
50,Dr,Emma,Clark,US,emma.clark@email.com,5678901234,AE,,,,
51,Mrs,James,Hill,GB,james.hill@email.com,8901234567,AE,,,,
52,Mr,Olivia,Adams,CA,olivia.adams@email.com,2345678901,AE,,,,
53,Miss,Michael,Mitchell,AE,michael.mitchell@email.com,4567890123,AE,,,,
54,Ms,John,Young,IN,john.young@email.com,9012345678,AE,,,,
55,Dr,Amy,Lewis,SA,amy.lewis@email.com,3456789012,AE,,,,
56,Mrs,Christopher,Hall,FR,christopher.hall@email.com,5678901234,AE,,,,
57,Mr,Emma,Young,US,emma.young@email.com,8901234567,AE,,,,
58,Miss,Brian,Scott,GB,brian.scott@email.com,2345678901,AE,,,,
59,Ms,Kevin,Clark,CA,kevin.clark@email.com,5678901234,AE,,,,
60,Dr,Samuel,Thomas,AE,samuel.thomas@email.com,8901234567,AE,,,,
61,Mr,Isabella,Hill,IN,isabella.hill@email.com,2345678901,AE,,,,
62,Miss,Matthew,Allen,SA,matthew.allen@email.com,5678901234,AE,,,,
63,Dr,Lily,Evans,FR,lilyaeveb@outlook.com,5654453576,AE,,,,